상권분석(8대업종),대분류코드,대분류명,중분류코드,중분류명,소분류코드,소분류명
O,Q,음식,Q05,닭/오리요리,Q05A01,삼계탕전문
O,Q,음식,Q05,닭/오리요리,Q05A02,닭갈비전문
O,Q,음식,Q01,한식,Q01A16,보리밥전문
O,Q,음식,Q05,닭/오리요리,Q05A09,오리고기전문
O,Q,음식,Q05,닭/오리요리,Q05A07,토종닭전문
O,Q,음식,Q05,닭/오리요리,Q05A10,닭내장/닭발요리
O,Q,음식,Q01,한식,Q01A06,돌솥/비빕밥전문점
O,Q,음식,Q01,한식,Q01A17,버섯전문점
O,Q,음식,Q01,한식,Q01A10,쌈밥전문
O,Q,음식,Q05,닭/오리요리,Q05A04,찜닭전문점
O,Q,음식,Q01,한식,Q01A18,황태전문
O,Q,음식,Q01,한식,Q01A11,두부요리전문
O,Q,음식,Q03,일식/수산물,Q03A05,해물찜/탕전문
O,Q,음식,Q01,한식,Q01A12,재첩국전문
O,Q,음식,Q03,일식/수산물,Q03A18,게장전문
O,Q,음식,Q05,닭/오리요리,Q05A05,불닭전문
O,Q,음식,Q05,닭/오리요리,Q05A06,옻닭전문
O,Q,음식,Q06,양식,Q06A02,돈가스전문점
O,Q,음식,Q06,양식,Q06A03,카레전문점
O,Q,음식,Q06,양식,Q06A08,스테이크전문점
O,Q,음식,Q06,양식,Q06A04,스파게티전문점
O,Q,음식,Q06,양식,Q06A07,기타전문서양음식점
O,Q,음식,Q04,분식,Q04A05,스낵
O,Q,음식,Q04,분식,Q04A03,떡볶이전문
O,Q,음식,Q04,분식,Q04A04,우동전문점
O,Q,음식,Q01,한식,Q01A13,파전전문
O,Q,음식,Q07,패스트푸드,Q07A10,토스트전문
O,Q,음식,Q15,부페,Q15A01,종합부페
O,Q,음식,Q15,부페,Q15A02,고기부페
O,Q,음식,Q15,부페,Q15A03,한식부페
O,Q,음식,Q15,부페,Q15A04,채식/한식부페
O,Q,음식,Q15,부페,Q15A05,해물부페
O,Q,음식,Q03,일식/수산물,Q03A19,홍어전문
O,Q,음식,Q14,기타음식업,Q14A01,구내식당/자급식음식점
O,Q,음식,Q03,일식/수산물,Q03A99,수산물전문음식점-종합
O,Q,음식,Q03,일식/수산물,Q03A20,복전문
O,Q,음식,Q03,일식/수산물,Q03A06,아구전문
O,Q,음식,Q03,일식/수산물,Q03A07,민물장어전문
O,Q,음식,Q03,일식/수산물,Q03A04,참치전문점
O,Q,음식,Q03,일식/수산물,Q03A13,낙지/오징어
O,Q,음식,Q01,한식,Q01A01,한식/백반/한정식
O,Q,음식,Q04,분식,Q04A01,라면김밥분식
O,Q,음식,Q04,분식,Q04A02,국수/만두/칼국수
O,Q,음식,Q03,일식/수산물,Q03A11,갈치/생선구이
O,Q,음식,Q08,제과제빵떡케익,Q08A03,떡전문
O,Q,음식,Q08,제과제빵떡케익,Q08A01,제과점
O,Q,음식,Q07,패스트푸드,Q07A03,핫도그
O,Q,음식,Q08,제과제빵떡케익,Q08A04,떡/한과집
O,Q,음식,Q08,제과제빵떡케익,Q08A05,찐빵전문
O,Q,음식,Q07,패스트푸드,Q07A09,생과자점
O,Q,음식,Q07,패스트푸드,Q07A07,아이스크림판매
O,Q,음식,Q08,제과제빵떡케익,Q08A02,케익전문점
O,Q,음식,Q07,패스트푸드,Q07A08,유산균아이스크림전문
O,Q,음식,Q01,한식,Q01A99,기타고기요리
O,Q,음식,Q03,일식/수산물,Q03A01,횟집
O,Q,음식,Q03,일식/수산물,Q03A08,매운탕전문
O,Q,음식,Q03,일식/수산물,Q03A09,조개구이전문
O,Q,음식,Q03,일식/수산물,Q03A10,바닷가재/게요리전문
O,Q,음식,Q03,일식/수산물,Q03A14,곰장어전문
O,Q,음식,Q03,일식/수산물,Q03A15,고등어전문
O,Q,음식,Q03,일식/수산물,Q03A16,굴요리전문
O,Q,음식,Q03,일식/수산물,Q03A17,붕어찜전문
O,Q,음식,Q10,별식/퓨전요리,Q10A06,징기스칸요리전문
O,Q,음식,Q10,별식/퓨전요리,Q10A03,철판구이요리전문
O,Q,음식,Q10,별식/퓨전요리,Q10A01,죽전문점
O,Q,음식,Q10,별식/퓨전요리,Q10A05,순대전문점
O,Q,음식,Q10,별식/퓨전요리,Q10A09,사철탕전문
O,Q,음식,Q07,패스트푸드,Q07A02,도시락전문점
O,Q,음식,Q10,별식/퓨전요리,Q10A07,돌구이요리전문
O,Q,음식,Q06,양식,Q06A06,바베큐전문
O,Q,음식,Q10,별식/퓨전요리,Q10A08,동남아음식전문점
O,Q,음식,Q10,별식/퓨전요리,Q10A02,샤브샤브전문
O,Q,음식,Q13,음식배달서비스,Q13A02,국/찌개배달
O,Q,음식,Q10,별식/퓨전요리,Q10A04,퓨전음식전문
O,Q,음식,Q09,유흥주점,Q09A07,기타일반유흥주점
O,Q,음식,Q09,유흥주점,Q09A10,룸살롱/단란주점
O,Q,음식,Q09,유흥주점,Q09A08,빠/카페/스탠드빠
O,Q,음식,Q09,유흥주점,Q09A01,호프/맥주
O,Q,음식,Q09,유흥주점,Q09A02,소주방/포장마차
O,Q,음식,Q09,유흥주점,Q09A09,락카페
O,Q,음식,Q09,유흥주점,Q09A06,관광/유흥주점
O,Q,음식,Q09,유흥주점,Q09A05,로바다야끼
O,Q,음식,Q12,커피점/카페,Q12A01,커피전문점/카페/다방
O,Q,음식,Q09,유흥주점,Q09A04,민속주점
O,Q,음식,Q09,유흥주점,Q09A03,꼬치구이전문점
O,Q,음식,Q12,커피점/카페,Q12A04,보드게임카페
O,Q,음식,Q12,커피점/카페,Q12A05,사주카페
O,Q,음식,Q12,커피점/카페,Q12A06,전통찻집/인삼찻집
O,Q,음식,Q12,커피점/카페,Q12A07,애견카페
O,Q,음식,Q12,커피점/카페,Q12A03,생과일주스전문점
O,Q,음식,Q14,기타음식업,Q14A02,고속도로휴게소
O,Q,음식,Q01,한식,Q01A21,기사식당
O,Q,음식,Q14,기타음식업,Q14A03,국도휴게소
O,Q,음식,Q02,중식,Q02A00,중국음식/중국집
O,Q,음식,Q02,중식,Q02A01,탕수육전문점
O,Q,음식,Q03,일식/수산물,Q03A02,음식점-일식
O,Q,음식,Q03,일식/수산물,Q03A03,음식점-초밥전문
O,Q,음식,Q06,양식,Q06A01,정통양식/경양식
O,Q,음식,Q06,양식,Q06A05,패밀리레스토랑
O,Q,음식,Q13,음식배달서비스,Q13A03,음식출장조달
O,Q,음식,Q13,음식배달서비스,Q13A01,야식집
O,Q,음식,Q07,패스트푸드,Q07A04,패스트푸드
O,Q,음식,Q07,패스트푸드,Q07A01,피자전문
O,Q,음식,Q07,패스트푸드,Q07A06,도너츠전문
O,Q,음식,Q05,닭/오리요리,Q05A08,후라이드/양념치킨
O,Q,음식,Q07,패스트푸드,Q07A05,샌드위치전문점
O,Q,음식,Q01,한식,Q01A04,한정식전문
O,Q,음식,Q01,한식,Q01A09,설렁탕집
O,Q,음식,Q01,한식,Q01A19,냉면집
O,Q,음식,Q01,한식,Q01A08,족발/보쌈전문
O,Q,음식,Q01,한식,Q01A03,곱창/양구이전문
O,Q,음식,Q05,닭/오리요리,Q05A03,닭도리탕전문
O,Q,음식,Q01,한식,Q01A02,갈비/삼겹살
O,Q,음식,Q01,한식,Q01A14,추어탕전문
O,Q,음식,Q01,한식,Q01A07,부대찌개/섞어찌개
O,Q,음식,Q01,한식,Q01A15,순두부전문
O,Q,음식,Q01,한식,Q01A05,해장국/감자탕
O,F,생활서비스,F12,광고/인쇄,F12A07,생활정보제공서비스
O,F,생활서비스,F03,개인/가정용품수리,F03A06,정보통신기기수리
O,F,생활서비스,F12,광고/인쇄,F12A05,광고물제작-종합
O,F,생활서비스,F12,광고/인쇄,F12A03,광고물제작
O,F,생활서비스,F12,광고/인쇄,F12A08,광고대행-전화번호부
O,F,생활서비스,F12,광고/인쇄,F12A04,지역정보지
O,F,생활서비스,F14,자동차/이륜차,F14A01,자동차정비/카센타
O,F,생활서비스,F14,자동차/이륜차,F14A04,세차장
O,F,생활서비스,F03,개인/가정용품수리,F03A16,농기구수리
O,F,생활서비스,F14,자동차/이륜차,F14A03,오토바이판매/수리
O,F,생활서비스,F14,자동차/이륜차,F14A02,자전거판매/수리
O,F,생활서비스,F16,주유소/충전소,F16A03,차량연료소매-종합
O,F,생활서비스,F16,주유소/충전소,F16A01,주유소
O,F,생활서비스,F16,주유소/충전소,F16A02,차량가스충전소
O,F,생활서비스,F03,개인/가정용품수리,F03A01,개인/가정용품수리-종합
O,F,생활서비스,F03,개인/가정용품수리,F03A04,가구수리
O,F,생활서비스,F03,개인/가정용품수리,F03A08,옷수선
O,F,생활서비스,F03,개인/가정용품수리,F03A03,가방구두수전
O,F,생활서비스,F03,개인/가정용품수리,F03A11,악기수선
O,F,생활서비스,F03,개인/가정용품수리,F03A02,가전제품수리
O,F,생활서비스,F03,개인/가정용품수리,F03A15,금고수리
O,F,생활서비스,F03,개인/가정용품수리,F03A09,가죽/모피수선
O,F,생활서비스,F03,개인/가정용품수리,F03A10,액세서리수선
O,F,생활서비스,F03,개인/가정용품수리,F03A14,피아노조율
O,F,생활서비스,F03,개인/가정용품수리,F03A13,골동품수리
O,F,생활서비스,F15,주택수리,F15A01,주택수리종합
O,F,생활서비스,F03,개인/가정용품수리,F03A05,에어컨수리/설치
O,F,생활서비스,F03,개인/가정용품수리,F03A07,컴퓨터수리
O,F,생활서비스,F04,운송/배달/택배,F04B08,우체국/우편물취급소
O,F,생활서비스,F17,예식/의례/관혼상제,F17A01,예식장/예식서비스
O,F,생활서비스,F13,기타서비스업,F13A10,박제표본
O,F,생활서비스,F12,광고/인쇄,F12A02,간판제작종합
O,F,생활서비스,F17,예식/의례/관혼상제,F17A04,폐백전문
O,F,생활서비스,F09,대중목욕탕/휴게,F09A02,사우나/증기탕/온천
O,F,생활서비스,F17,예식/의례/관혼상제,F17A05,결혼상담소
O,F,생활서비스,F02,세탁/가사서비스,F02A07,솜틀집
O,F,생활서비스,F02,세탁/가사서비스,F02A04,방앗간/정미소
O,F,생활서비스,F09,대중목욕탕/휴게,F09A04,휴게텔
O,F,생활서비스,F07,물품기기대여,F07A11,렌트카
O,F,생활서비스,F07,물품기기대여,F07A10,사무기기대여
O,F,생활서비스,F07,물품기기대여,F07A09,컴퓨터대여
O,F,생활서비스,F07,물품기기대여,F07A99,물품대여종합
O,F,생활서비스,F07,물품기기대여,F07A18,사진/원고/기록물대여
O,F,생활서비스,F07,물품기기대여,F07A03,비디오/오디오테이프대여
O,F,생활서비스,F07,물품기기대여,F07A04,도서/만화대여
O,F,생활서비스,F07,물품기기대여,F07A02,오락/스포츠용품대여
O,F,생활서비스,F07,물품기기대여,F07A17,연극공연/영화제작용품임대
O,F,생활서비스,F07,물품기기대여,F07A12,비디오카메라대여
O,F,생활서비스,F07,물품기기대여,F07A01,가정용가구/기기임대
O,F,생활서비스,F07,물품기기대여,F07A13,악기대여
O,F,생활서비스,F07,물품기기대여,F07A14,장식품대여
O,F,생활서비스,F07,물품기기대여,F07A20,화환/화분대여
O,F,생활서비스,F07,물품기기대여,F07A06,생활용품대여
O,F,생활서비스,F07,물품기기대여,F07A19,목재대여
O,F,생활서비스,F07,물품기기대여,F07A15,도자기대여
O,F,생활서비스,F07,물품기기대여,F07A08,물수건대여
O,F,생활서비스,F07,물품기기대여,F07A16,가방대여
O,F,생활서비스,F07,물품기기대여,F07A07,의류/한복대여
O,F,생활서비스,F07,물품기기대여,F07A05,명품대여
O,F,생활서비스,F19,법무세무회계,F19B01,법무관련서비스-종합
O,F,생활서비스,F19,법무세무회계,F19B11,변호사
O,F,생활서비스,F19,법무세무회계,F19B12,변리사
O,F,생활서비스,F19,법무세무회계,F19B02,법무사
O,F,생활서비스,F19,법무세무회계,F19B05,공증인
O,F,생활서비스,F19,법무세무회계,F19B08,공인노무사
O,F,생활서비스,F19,법무세무회계,F19B09,행정서사
O,F,생활서비스,F19,법무세무회계,F19B13,손해사정인
O,F,생활서비스,F19,법무세무회계,F19B14,속기사무소
O,F,생활서비스,F19,법무세무회계,F19B06,회계관련서비스-종합
O,F,생활서비스,F19,법무세무회계,F19B07,공인회계사
O,F,생활서비스,F19,법무세무회계,F19B03,세무사
O,F,생활서비스,F19,법무세무회계,F19B10,관세사
O,F,생활서비스,F13,기타서비스업,F13A01,사업경영상담
O,F,생활서비스,F11,개인서비스,F11A02,운명감정작명
O,F,생활서비스,F05,인력/고용/용역알선,F05A02,인력공급/고용알선
O,F,생활서비스,F05,인력/고용/용역알선,F05A01,가사도우미알선
O,F,생활서비스,F05,인력/고용/용역알선,F05A03,해외취업알선
O,F,생활서비스,F11,개인서비스,F11A01,탐정/경호
O,F,생활서비스,F08,대행업,F08A02,신용조사/흥신소
O,F,생활서비스,F02,세탁/가사서비스,F02A05,청소/소독
O,F,생활서비스,F06,사진,F06A01,사진관
O,F,생활서비스,F06,사진,F06A02,상업사진
O,F,생활서비스,F13,기타서비스업,F13A11,패션디자인
O,F,생활서비스,F20,행사/이벤트,F20A05,연예인대리업
O,F,생활서비스,F04,운송/배달/택배,F04A10,화물운송-용달
O,F,생활서비스,F04,운송/배달/택배,F04A11,물품보관소
O,F,생활서비스,F04,운송/배달/택배,F04A12,이삿짐보관
O,F,생활서비스,F14,자동차/이륜차,F14A07,주차장운영
O,F,생활서비스,F14,자동차/이륜차,F14A08,자동차검사소
O,F,생활서비스,F04,운송/배달/택배,F04A05,화물운송대리
O,F,생활서비스,F04,운송/배달/택배,F04A04,용달/개별화물
O,F,생활서비스,F04,운송/배달/택배,F04A01,택배업
O,F,생활서비스,F04,운송/배달/택배,F04A06,종합이삿짐대행
O,F,생활서비스,F04,운송/배달/택배,F04A09,피아노운반
O,F,생활서비스,F04,운송/배달/택배,F04A02,퀵배달
O,F,생활서비스,F14,자동차/이륜차,F14A06,자동차등록/검사/폐차대행
O,F,생활서비스,F04,운송/배달/택배,F04A07,운전대행/대리운전
O,F,생활서비스,F09,대중목욕탕/휴게,F09A03,목욕업-찜질방
O,F,생활서비스,F13,기타서비스업,F13A06,펜팔소개
O,F,생활서비스,F06,사진,F06A03,스티커사진방
O,F,생활서비스,F11,개인서비스,F11A03,호스피스
O,F,생활서비스,F03,개인/가정용품수리,F03A12,열쇠제작
O,F,생활서비스,F15,주택수리,F15A03,배관난방보일러
O,F,생활서비스,F15,주택수리,F15A04,유리창호
O,F,생활서비스,F15,주택수리,F15A02,미장타일도배도장
O,F,생활서비스,F15,주택수리,F15A05,가스설비
O,F,생활서비스,F15,주택수리,F15A06,수도설비
O,F,생활서비스,F15,주택수리,F15A07,조립칸막이/파티션
O,F,생활서비스,F12,광고/인쇄,F12A01,인쇄종합
O,F,생활서비스,F13,기타서비스업,F13A21,공연티켓예매
O,F,생활서비스,F17,예식/의례/관혼상제,F17A03,제사음식
O,F,생활서비스,F13,기타서비스업,F13A02,물품감정서비스
O,F,생활서비스,F13,기타서비스업,F13A12,사업중개업
O,F,생활서비스,F13,기타서비스업,F13A13,상품전시
O,F,생활서비스,F08,대행업,F08A05,사무대리서비스
O,F,생활서비스,F13,기타서비스업,F13A05,필체감정
O,F,생활서비스,F13,기타서비스업,F13A14,조감도/투시도전문
O,F,생활서비스,F13,기타서비스업,F13A07,보석감정
O,F,생활서비스,F13,기타서비스업,F13A08,디스플레이대행
O,F,생활서비스,F11,개인서비스,F11A05,번역/통역서비스
O,F,생활서비스,F11,개인서비스,F11A04,대서소
O,F,생활서비스,F12,광고/인쇄,F12A09,컴퓨터입력대행
O,F,생활서비스,F04,운송/배달/택배,F04A13,문서송달대행
O,F,생활서비스,F20,행사/이벤트,F20A04,응원기획
O,F,생활서비스,F20,행사/이벤트,F20A02,이벤트기획
O,F,생활서비스,F20,행사/이벤트,F20A01,출장파티/연회대행
O,F,생활서비스,F08,대행업,F08A01,심부름센터
O,F,생활서비스,F12,광고/인쇄,F12A06,편집대행
O,F,생활서비스,F13,기타서비스업,F13A15,국제회의용역
O,F,생활서비스,F20,행사/이벤트,F20A03,행사대행
O,F,생활서비스,F13,기타서비스업,F13A04,패션쇼대행
O,F,생활서비스,F13,기타서비스업,F13A03,상품포장
O,F,생활서비스,F08,대행업,F08A06,복사대행
O,F,생활서비스,F13,기타서비스업,F13A16,도면제작대행
O,F,생활서비스,F08,대행업,F08A07,이민유학알선
O,F,생활서비스,F14,자동차/이륜차,F14A05,광택전문
O,F,생활서비스,F13,기타서비스업,F13A09,작곡
O,F,생활서비스,F13,기타서비스업,F13A17,지도제작
O,F,생활서비스,F13,기타서비스업,F13A18,지물재단
O,F,생활서비스,F11,개인서비스,F11A06,초상화제작
O,F,생활서비스,F08,대행업,F08A08,꽃꽂이(대행)
O,F,생활서비스,F12,광고/인쇄,F12A10,차트제작
O,F,생활서비스,F08,대행업,F08A03,고객관리대행
O,F,생활서비스,F13,기타서비스업,F13A19,상품권판매
O,F,생활서비스,F13,기타서비스업,F13A20,골프회원권거래소
O,F,생활서비스,F08,대행업,F08A04,전단지배포대행
O,F,생활서비스,F02,세탁/가사서비스,F02A01,세탁소/빨래방
O,F,생활서비스,F02,세탁/가사서비스,F02A06,소파침대카펫트세탁
O,F,생활서비스,F02,세탁/가사서비스,F02A08,가죽모피세탁
O,F,생활서비스,F02,세탁/가사서비스,F02A03,세탁대행
O,F,생활서비스,F02,세탁/가사서비스,F02A02,신발세탁
O,F,생활서비스,F02,세탁/가사서비스,F02A09,냉온수기소독/수리
O,F,생활서비스,F01,이/미용/건강,F01A04,남성미용실
O,F,생활서비스,F01,이/미용/건강,F01A01,여성미용실
O,F,생활서비스,F01,이/미용/건강,F01A03,비만/피부관리
O,F,생활서비스,F01,이/미용/건강,F01A02,발/네일케어
O,F,생활서비스,F01,이/미용/건강,F01A05,미용실-어린이
O,F,생활서비스,F18,장례/묘지,F18A01,장의사/관련서비스-종합
O,F,생활서비스,F18,장례/묘지,F18A02,묘지관리-종합
O,F,생활서비스,F17,예식/의례/관혼상제,F17A02,회갑연서비스
O,F,생활서비스,F09,대중목욕탕/휴게,F09A01,욕탕업-종합
O,D,소매,D03,종합소매점,D03B09,어판장
O,D,소매,D03,종합소매점,D03B10,할인점
O,D,소매,D24,중고품소매/교환,D24A02,재활용/고물수집
O,D,소매,D05,의복의류,D05A08,맞춤양복/양복점
O,D,소매,D05,의복의류,D05A06,맞춤양장/양장점
O,D,소매,D05,의복의류,D05A12,예복/웨딩드레스
O,D,소매,D05,의복의류,D05A10,한복/갈옷/민속옷
O,D,소매,D05,의복의류,D05A14,유니폼/맞춤복/단체복
O,D,소매,D03,종합소매점,D03A02,수퍼마켓
O,D,소매,D03,종합소매점,D03A01,편의점
O,D,소매,D03,종합소매점,D03B05,조합/연금매장
O,D,소매,D03,종합소매점,D03B06,구판장/직판장
O,D,소매,D03,종합소매점,D03A03,잡화점
O,D,소매,D25,기타판매업,D25A02,복권판매
O,D,소매,D25,기타판매업,D25A11,성인용품판매
O,D,소매,D03,종합소매점,D03A04,생활용품판매
O,D,소매,D25,기타판매업,D25A09,제기용품판매
O,D,소매,D01,음/식료품소매,D01A09,식자재판매
O,D,소매,D25,기타판매업,D25A24,광촉매판매
O,D,소매,D03,종합소매점,D03A05,수입품판매점
O,D,소매,D03,종합소매점,D03A06,종합소매
O,D,소매,D03,종합소매점,D03A07,혼수전문점
O,D,소매,D07,가정/주방/인테리어,D07A09,홈패션
O,D,소매,D01,음/식료품소매,D01A15,곡물소매
O,D,소매,D01,음/식료품소매,D01A14,미곡상
O,D,소매,D25,기타판매업,D25A25,사료소매
O,D,소매,D01,음/식료품소매,D01A06,육류소매
O,D,소매,D01,음/식료품소매,D01A03,정육점
O,D,소매,D01,음/식료품소매,D01A04,닭집
O,D,소매,D01,음/식료품소매,D01A05,머리고기전문
O,D,소매,D01,음/식료품소매,D01A12,수산물소매
O,D,소매,D01,음/식료품소매,D01A10,어물상
O,D,소매,D01,음/식료품소매,D01A11,건어물상
O,D,소매,D02,선물/팬시/기념품,D02A03,캐릭터상품
O,D,소매,D08,사무/문구/컴퓨터,D08A08,잉크충전
O,D,소매,D06,가방/신발/액세서리,D06A06,휴대폰튜닝
O,D,소매,D09,애견/애완/동물,D09A02,애완동물 미용실
O,D,소매,D11,유아용품,D11A04,유아용품/장난감대여판매
O,D,소매,D23,자동차/자동차용품,D23A08,중고타이어판매
O,D,소매,D23,자동차/자동차용품,D23A09,수입자동차판매
O,D,소매,D23,자동차/자동차용품,D23A10,수입중고자동차판매
O,D,소매,D23,자동차/자동차용품,D23A06,자동차부품판매
O,D,소매,D23,자동차/자동차용품,D23A04,타이어판매
O,D,소매,D23,자동차/자동차용품,D23A11,자동차유리전문점
O,D,소매,D23,자동차/자동차용품,D23A07,자동차장식품판매
O,D,소매,D25,기타판매업,D25A15,농기구판매
O,D,소매,D23,자동차/자동차용품,D23A03,카오디오전문
O,D,소매,D23,자동차/자동차용품,D23A05,네비게이션판매
O,D,소매,D20,의약/의료품소매,D20B01,의약품소매
O,D,소매,D25,기타판매업,D25A16,동물약품판매
O,D,소매,D20,의약/의료품소매,D20A01,의료용품소매
O,D,소매,D20,의약/의료품소매,D20A02,보청기판매
O,D,소매,D20,의약/의료품소매,D20A03,의족/의수판매
O,D,소매,D20,의약/의료품소매,D20A04,건강보조기구판매
O,D,소매,D16,화장품소매,D16A01,화장품판매점
O,D,소매,D16,화장품소매,D16A02,향수전문점
O,D,소매,D25,기타판매업,D25A10,가정용연료소매
O,D,소매,D25,기타판매업,D25A07,연탄판매
O,D,소매,D25,기타판매업,D25A08,유류판매
O,D,소매,D25,기타판매업,D25A12,LPG판매
O,D,소매,D24,중고품소매/교환,D24A01,물물교환센타
O,D,소매,D24,중고품소매/교환,D24A03,중고가전가구
O,D,소매,D24,중고품소매/교환,D24A04,중고명품판매교환
O,D,소매,D25,기타판매업,D25A23,통신판매
O,D,소매,D25,기타판매업,D25A03,노점/유사이동판매
O,D,소매,D25,기타판매업,D25A18,자동판매기운영
O,D,소매,D25,기타판매업,D25A17,농자재판매
O,D,소매,D25,기타판매업,D25A19,신용카드조회기판매
O,D,소매,D07,가정/주방/인테리어,D07A16,비데판매
O,D,소매,D25,기타판매업,D25A20,호신용품판매
O,D,소매,D25,기타판매업,D25A21,안전보호구판매
O,D,소매,D25,기타판매업,D25A22,세탁기구판매
O,D,소매,D25,기타판매업,D25A06,업소용가전제품
O,D,소매,D03,종합소매점,D03B01,백화점
O,D,소매,D03,종합소매점,D03B02,면세백화점
O,D,소매,D03,종합소매점,D03B03,아케이드/쇼핑센타
O,D,소매,D03,종합소매점,D03B04,시장/종합상가
O,D,소매,D08,사무/문구/컴퓨터,D08A02,사무용기기소매
O,D,소매,D18,사진/광학/정밀기기소매,D18A01,사진/광학/정밀기기소매
O,D,소매,D18,사진/광학/정밀기기소매,D18A03,카메라판매
O,D,소매,D18,사진/광학/정밀기기소매,D18A09,필름판매점
O,D,소매,D18,사진/광학/정밀기기소매,D18A10,영사기판매
O,D,소매,D18,사진/광학/정밀기기소매,D18A04,안경원
O,D,소매,D18,사진/광학/정밀기기소매,D18A11,경보기판매
O,D,소매,D18,사진/광학/정밀기기소매,D18A05,현미경/망원경판매
O,D,소매,D18,사진/광학/정밀기기소매,D18A06,저울판매
O,D,소매,D12,가전제품소매,D12A05,전화기판매
O,D,소매,D18,사진/광학/정밀기기소매,D18A07,금고판매
O,D,소매,D18,사진/광학/정밀기기소매,D18A02,핸드폰소매
O,D,소매,D18,사진/광학/정밀기기소매,D18A12,특수사진기
O,D,소매,D18,사진/광학/정밀기기소매,D18A08,무전기(판매/수리)
O,D,소매,D26,시계/귀금속소매,D26A01,시계/귀금속
O,D,소매,D26,시계/귀금속소매,D26A02,시계방
O,D,소매,D26,시계/귀금속소매,D26A03,금은방
O,D,소매,D26,시계/귀금속소매,D26A04,다이아몬드매매
O,D,소매,D08,사무/문구/컴퓨터,D08A10,인장/도장
O,D,소매,D19,종교용품판매,D19A01,종교용품판매
O,D,소매,D19,종교용품판매,D19A03,종교용품판매-기독교
O,D,소매,D19,종교용품판매,D19A02,종교용품판매-불교
O,D,소매,D19,종교용품판매,D19A04,종교용품판매-천주교
O,D,소매,D14,운동/경기용품소매,D14A01,운동/경기용품
O,D,소매,D14,운동/경기용품소매,D14A05,낚시용품판매
O,D,소매,D14,운동/경기용품소매,D14A14,총포상
O,D,소매,D14,운동/경기용품소매,D14A06,골프용품판매
O,D,소매,D14,운동/경기용품소매,D14A07,수영용품판매
O,D,소매,D14,운동/경기용품소매,D14A08,등산용품판매
O,D,소매,D14,운동/경기용품소매,D14A09,스키장비판매
O,D,소매,D14,운동/경기용품소매,D14A03,자전거판매
O,D,소매,D14,운동/경기용품소매,D14A02,건강/헬스용품
O,D,소매,D14,운동/경기용품소매,D14A12,수상운동용품판매
O,D,소매,D14,운동/경기용품소매,D14A11,볼링용품판매
O,D,소매,D14,운동/경기용품소매,D14A10,인라인스케이트판매
O,D,소매,D14,운동/경기용품소매,D14A13,석궁용품판매
O,D,소매,D04,취미/오락관련소매,D04A02,오락게임기구/장난감소매
O,D,소매,D04,취미/오락관련소매,D04A14,전자오락기구판매
O,D,소매,D04,취미/오락관련소매,D04A01,완구점
O,D,소매,D04,취미/오락관련소매,D04A06,바둑/장기용품판매
O,D,소매,D04,취미/오락관련소매,D04A05,조립모형소매
O,D,소매,D11,유아용품,D11A03,유아용품판매
O,D,소매,D17,예술품/골동품/수석/분재,D17A01,예술품/골동품소매
O,D,소매,D17,예술품/골동품/수석/분재,D17A02,골동품판매
O,D,소매,D17,예술품/골동품/수석/분재,D17A03,화랑
O,D,소매,D17,예술품/골동품/수석/분재,D17A04,표구점
O,D,소매,D25,기타판매업,D25A01,음반/테이프/CD
O,D,소매,D02,선물/팬시/기념품,D02A08,관광/민예품/선물용품소매
O,D,소매,D02,선물/팬시/기념품,D02A05,토산품/기념품점
O,D,소매,D02,선물/팬시/기념품,D02A01,선물용품판매
O,D,소매,D02,선물/팬시/기념품,D02A07,공예품판매
O,D,소매,D02,선물/팬시/기념품,D02A06,황토상품전문점
O,D,소매,D04,취미/오락관련소매,D04A12,화폐수집상
O,D,소매,D04,취미/오락관련소매,D04A11,우표/공중전화카드수집상
O,D,소매,D17,예술품/골동품/수석/분재,D17A05,수석판매
O,D,소매,D17,예술품/골동품/수석/분재,D17A06,분재판매
O,D,소매,D04,취미/오락관련소매,D04A13,수족관
O,D,소매,D04,취미/오락관련소매,D04A07,액자점
O,D,소매,D04,취미/오락관련소매,D04A04,그림/액자판매
O,D,소매,D02,선물/팬시/기념품,D02A02,꽃집/꽃배달
O,D,소매,D04,취미/오락관련소매,D04A10,지점토판매
O,D,소매,D04,취미/오락관련소매,D04A03,이벤트용품판매
O,D,소매,D23,자동차/자동차용품,D23A01,자동차판매
O,D,소매,D23,자동차/자동차용품,D23A02,중고자동차판매
O,D,소매,D06,가방/신발/액세서리,D06A08,가발판매
O,D,소매,D06,가방/신발/액세서리,D06A11,재봉용품판매
O,D,소매,D05,의복의류,D05A16,교복판매
O,D,소매,D05,의복의류,D05A19,특수복판매
O,D,소매,D25,기타판매업,D25A13,파라솔판매
O,D,소매,D05,의복의류,D05A13,청바지판매
O,D,소매,D15,가구소매,D15A01,일반가구소매
O,D,소매,D15,가구소매,D15A03,가구판매-응접세트
O,D,소매,D15,가구소매,D15A04,가구판매-침대전문
O,D,소매,D15,가구소매,D15A05,가구판매-장농
O,D,소매,D15,가구소매,D15A02,가구판매-사무용가구
O,D,소매,D15,가구소매,D15A06,가구판매-등가구
O,D,소매,D15,가구소매,D15A07,가구판매-수입가구
O,D,소매,D15,가구소매,D15A08,가구판매-돌침대
O,D,소매,D04,취미/오락관련소매,D04A09,악기판매
O,D,소매,D07,가정/주방/인테리어,D07A02,주방용품
O,D,소매,D07,가정/주방/인테리어,D07A17,주방가구판매
O,D,소매,D07,가정/주방/인테리어,D07A18,가스레인지판매
O,D,소매,D07,가정/주방/인테리어,D07A04,그릇판매
O,D,소매,D07,가정/주방/인테리어,D07A05,정수기연수기
O,D,소매,D12,가전제품소매,D12A01,일반가전제품
O,D,소매,D12,가전제품소매,D12A02,오디오전문점
O,D,소매,D12,가전제품소매,D12A03,노래방기기판매
O,D,소매,D12,가전제품소매,D12A04,수입가전제품판매
O,D,소매,D07,가정/주방/인테리어,D07A10,조명기구/전기용품
O,D,소매,D25,기타판매업,D25A14,미싱판매
O,D,소매,D21,철물/난방/건설자재소매,D21A02,보일러/냉난방용품
O,D,소매,D21,철물/난방/건설자재소매,D21A11,태양열온수기판매
O,D,소매,D21,철물/난방/건설자재소매,D21A09,심야전기보일러판매
O,D,소매,D07,가정/주방/인테리어,D07A01,인테리어/욕실용품/커튼
O,D,소매,D07,가정/주방/인테리어,D07A07,등세공품판매
O,D,소매,D21,철물/난방/건설자재소매,D21A06,철물/건설자재소매
O,D,소매,D21,철물/난방/건설자재소매,D21A03,목제품판매
O,D,소매,D21,철물/난방/건설자재소매,D21A08,셔터/새시판매
O,D,소매,D21,철물/난방/건설자재소매,D21A01,건축백화점
O,D,소매,D21,철물/난방/건설자재소매,D21A04,조립식앵글판매
O,D,소매,D21,철물/난방/건설자재소매,D21A05,진열장판매
O,D,소매,D21,철물/난방/건설자재소매,D21A07,열쇠판매/수리
O,D,소매,D22,페인트/유리제품소매,D22A01,페인트/유리제품소매
O,D,소매,D22,페인트/유리제품소매,D22A02,도료염료
O,D,소매,D22,페인트/유리제품소매,D22A03,유리/거울판매
O,D,소매,D07,가정/주방/인테리어,D07A14,지물판매
O,D,소매,D07,가정/주방/인테리어,D07A06,카페트판매
O,D,소매,D07,가정/주방/인테리어,D07A19,풍선도소매
O,D,소매,D07,가정/주방/인테리어,D07A15,유리/페인트/철물건축자재
O,D,소매,D13,책/서적/도서,D13A03,서적/신문소매
O,D,소매,D13,책/서적/도서,D13A01,서점
O,D,소매,D13,책/서적/도서,D13A12,외국서적판매
O,D,소매,D13,책/서적/도서,D13A04,고서적판매
O,D,소매,D13,책/서적/도서,D13A10,중고서적판매
O,D,소매,D13,책/서적/도서,D13A11,종교서적판매
O,D,소매,D13,책/서적/도서,D13A05,컴퓨터서적판매
O,D,소매,D13,책/서적/도서,D13A06,잡지/신문소매
O,D,소매,D13,책/서적/도서,D13A13,지도판매
O,D,소매,D13,책/서적/도서,D13A02,할인/아동도서
O,D,소매,D13,책/서적/도서,D13A08,기독교서적판매
O,D,소매,D13,책/서적/도서,D13A09,천주교서적판매
O,D,소매,D13,책/서적/도서,D13A07,불교서적판매
O,D,소매,D08,사무/문구/컴퓨터,D08A01,사무/문구용품
O,D,소매,D08,사무/문구/컴퓨터,D08A06,화방/필방
O,D,소매,D08,사무/문구/컴퓨터,D08A03,컴퓨터/사무용기기종합
O,D,소매,D08,사무/문구/컴퓨터,D08A05,컴퓨터전문매장
O,D,소매,D08,사무/문구/컴퓨터,D08A11,컴퓨터프로그램판매
O,D,소매,D08,사무/문구/컴퓨터,D08A04,컴퓨터/주변기기
O,D,소매,D09,애견/애완/동물,D09A01,애견/애완/동물사육판매
O,D,소매,D02,선물/팬시/기념품,D02A04,기념패/휘장
O,D,소매,D01,음/식료품소매,D01A13,청과물소매
O,D,소매,D01,음/식료품소매,D01A18,건과류판매
O,D,소매,D01,음/식료품소매,D01A01,식료품점
O,D,소매,D25,기타판매업,D25A04,담배소매
O,D,소매,D10,건강/미용식품,D10A07,건강원
O,D,소매,D10,건강/미용식품,D10A04,건강식품판매
O,D,소매,D10,건강/미용식품,D10A05,인삼제품판매
O,D,소매,D01,음/식료품소매,D01A19,생수판매
O,D,소매,D01,음/식료품소매,D01A20,얼음가게
O,D,소매,D01,음/식료품소매,D01A07,반찬가게
O,D,소매,D11,유아용품,D11A02,유아식품판매
O,D,소매,D01,음/식료품소매,D01A21,우유판매
O,D,소매,D01,음/식료품소매,D01A22,식용유판매
O,D,소매,D01,음/식료품소매,D01A23,유과판매
O,D,소매,D01,음/식료품소매,D01A24,냉동식품판매
O,D,소매,D10,건강/미용식품,D10A06,녹즙판매
O,D,소매,D01,음/식료품소매,D01A25,두유판매
O,D,소매,D01,음/식료품소매,D01A26,드라이아이스판매
O,D,소매,D10,건강/미용식품,D10A08,금연관련제품판매
O,D,소매,D01,음/식료품소매,D01A27,제과재료판매
O,D,소매,D10,건강/미용식품,D10A02,생식판매
O,D,소매,D10,건강/미용식품,D10A01,다이어트상품판매
O,D,소매,D01,음/식료품소매,D01A08,유기농식품판매
O,D,소매,D10,건강/미용식품,D10A03,선식판매
O,D,소매,D01,음/식료품소매,D01A02,김치판매
O,D,소매,D25,기타판매업,D25A05,수입담배판매
O,D,소매,D05,의복의류,D05A18,섬유/직물/주단
O,D,소매,D07,가정/주방/인테리어,D07A03,침구/수예품
O,D,소매,D07,가정/주방/인테리어,D07A12,십자수/뜨개
O,D,소매,D07,가정/주방/인테리어,D07A11,리본공예판매
O,D,소매,D07,가정/주방/인테리어,D07A08,퀼트전문
O,D,소매,D07,가정/주방/인테리어,D07A13,비즈공예
O,D,소매,D05,의복의류,D05A07,셔츠/내의/속옷
O,D,소매,D05,의복의류,D05A04,여성내의전문점
O,D,소매,D05,의복의류,D05A01,일반의류
O,D,소매,D05,의복의류,D05A09,남성의류전문점
O,D,소매,D05,의복의류,D05A03,여성의류전문점
O,D,소매,D05,의복의류,D05A02,캐쥬얼/스포츠의류
O,D,소매,D05,의복의류,D05A05,아동복판매
O,D,소매,D11,유아용품,D11A01,유아/임부복
O,D,소매,D05,의복의류,D05A11,가죽/모피의류
O,D,소매,D05,의복의류,D05A15,법복(승복)판매
O,D,소매,D06,가방/신발/액세서리,D06A01,신발소매
O,D,소매,D06,가방/신발/액세서리,D06A02,구두제화/캐주얼화
O,D,소매,D06,가방/신발/액세서리,D06A03,기능성신발판매
O,D,소매,D06,가방/신발/액세서리,D06A05,액세서리판매
O,D,소매,D06,가방/신발/액세서리,D06A07,양품점
O,D,소매,D06,가방/신발/액세서리,D06A10,가방/가죽제품소매
O,D,소매,D06,가방/신발/액세서리,D06A09,우산/우의판매
O,N,관광/여가/오락,N06,전시/관람,N06B09,문화원
O,N,관광/여가/오락,N07,놀이/여가/취미,N07A03,주말농장
O,N,관광/여가/오락,N05,요가/단전/마사지,N05A03,체형미교실
O,N,관광/여가/오락,N01,PC/오락/당구/볼링등,N01A07,포켓볼장
O,N,관광/여가/오락,N05,요가/단전/마사지,N05A08,활기원
O,N,관광/여가/오락,N04,스포츠/운동,N04A03,실외야구연습장
O,N,관광/여가/오락,N07,놀이/여가/취미,N07A11,기타오락관련산업
O,N,관광/여가/오락,N04,스포츠/운동,N04A08,실내낚시
O,N,관광/여가/오락,N08,경마/경륜/성인오락,N08A04,카지노
O,N,관광/여가/오락,N08,경마/경륜/성인오락,N08A01,게임룸
O,N,관광/여가/오락,N01,PC/오락/당구/볼링등,N01A04,오락용사격장
O,N,관광/여가/오락,N01,PC/오락/당구/볼링등,N01A08,전자오락실
O,N,관광/여가/오락,N07,놀이/여가/취미,N07A02,낚시터
O,N,관광/여가/오락,N07,놀이/여가/취미,N07A04,휴양림
O,N,관광/여가/오락,N02,무도/유흥/가무,N02A01,노래방
O,N,관광/여가/오락,N01,PC/오락/당구/볼링등,N01A09,기원
O,N,관광/여가/오락,N07,놀이/여가/취미,N07A08,놀이배
O,N,관광/여가/오락,N08,경마/경륜/성인오락,N08A03,경륜장
O,N,관광/여가/오락,N07,놀이/여가/취미,N07A06,공원
O,N,관광/여가/오락,N07,놀이/여가/취미,N07A01,종합위락시설
O,N,관광/여가/오락,N07,놀이/여가/취미,N07A07,전망대
O,N,관광/여가/오락,N07,놀이/여가/취미,N07A05,유원지
O,N,관광/여가/오락,N06,전시/관람,N06B10,국립중앙박물관
O,N,관광/여가/오락,N06,전시/관람,N06B11,국립민속박물관
O,N,관광/여가/오락,N06,전시/관람,N06B12,국립현대미술관
O,N,관광/여가/오락,N06,전시/관람,N06B04,박물관/사적지관리
O,N,관광/여가/오락,N01,PC/오락/당구/볼링등,N01A06,볼링장
O,N,관광/여가/오락,N01,PC/오락/당구/볼링등,N01A05,탁구장
O,N,관광/여가/오락,N01,PC/오락/당구/볼링등,N01A03,당구장
O,N,관광/여가/오락,N04,스포츠/운동,N04A01,실내야구연습장
O,N,관광/여가/오락,N04,스포츠/운동,N04A04,실내스케이트장
O,N,관광/여가/오락,N04,스포츠/운동,N04A05,롤러스케이트장
O,N,관광/여가/오락,N04,스포츠/운동,N04A02,실내사격장
O,N,관광/여가/오락,N01,PC/오락/당구/볼링등,N01A02,비디오감상실
O,N,관광/여가/오락,N03,연극/영화/극장,N03A02,자동차극장
O,N,관광/여가/오락,N03,연극/영화/극장,N03A06,연극/음악/예술관련기타
O,N,관광/여가/오락,N03,연극/영화/극장,N03A05,음악감상
O,N,관광/여가/오락,N02,무도/유흥/가무,N02A06,무도장
O,N,관광/여가/오락,N06,전시/관람,N06B07,박물관/사적지관리
O,N,관광/여가/오락,N06,전시/관람,N06B01,미술관/박물관
O,N,관광/여가/오락,N02,무도/유흥/가무,N02A04,무도유흥주점-종합
O,N,관광/여가/오락,N02,무도/유흥/가무,N02A05,한국식유흥주점
O,N,관광/여가/오락,N02,무도/유흥/가무,N02A03,극장식유흥주점
O,N,관광/여가/오락,N05,요가/단전/마사지,N05A07,안마시술소
O,N,관광/여가/오락,N05,요가/단전/마사지,N05A01,요가/단식
O,N,관광/여가/오락,N05,요가/단전/마사지,N05A02,단전호흡
O,N,관광/여가/오락,N05,요가/단전/마사지,N05A06,스포츠마사지
O,N,관광/여가/오락,N05,요가/단전/마사지,N05A04,지압원
O,N,관광/여가/오락,N05,요가/단전/마사지,N05A05,단식원
O,N,관광/여가/오락,N03,연극/영화/극장,N03A01,영화관
O,N,관광/여가/오락,N03,연극/영화/극장,N03A03,연극극장
O,N,관광/여가/오락,N03,연극/영화/극장,N03A04,종합공연장
O,N,관광/여가/오락,N06,전시/관람,N06B08,유적지
O,N,관광/여가/오락,N06,전시/관람,N06B03,과학관/전시관
O,N,관광/여가/오락,N06,전시/관람,N06B02,식물원/동물원
O,N,관광/여가/오락,N06,전시/관람,N06B05,동물원/식물원
O,N,관광/여가/오락,N06,전시/관람,N06B06,자연학습원
O,N,관광/여가/오락,N08,경마/경륜/성인오락,N08A05,동물경기
O,N,관광/여가/오락,N08,경마/경륜/성인오락,N08A02,경마장
O,N,관광/여가/오락,N04,스포츠/운동,N04A07,스케이트장
O,N,관광/여가/오락,N07,놀이/여가/취미,N07A10,해수욕장
O,N,관광/여가/오락,N01,PC/오락/당구/볼링등,N01A01,인터넷PC방
O,N,관광/여가/오락,N02,무도/유흥/가무,N02A02,나이트클럽
O,N,관광/여가/오락,N04,스포츠/운동,N04A06,서바이벌게임장
O,P,스포츠,P02,실내운동시설,P02A22,석궁장
O,P,스포츠,P03,실외운동시설,P03A17,눈썰매장
O,P,스포츠,P02,실내운동시설,P02A26,택견도장
O,P,스포츠,P02,실내운동시설,P02A29,쿵후도장
O,P,스포츠,P02,실내운동시설,P02A30,이종격투기
O,P,스포츠,P03,실외운동시설,P03A31,풋살경기장
O,P,스포츠,P03,실외운동시설,P03A99,기타실외운동시설
O,P,스포츠,P03,실외운동시설,P03A05,실외골프연습장
O,P,스포츠,P03,실외운동시설,P03A08,사격장
O,P,스포츠,P03,실외운동시설,P03A10,테니스장
O,P,스포츠,P03,실외운동시설,P03A11,수영장
O,P,스포츠,P01,운영관리시설,P01A12,수렵장관리운영
O,P,스포츠,P03,실외운동시설,P03A14,실외궁도장
O,P,스포츠,P03,실외운동시설,P03A15,승마장
O,P,스포츠,P03,실외운동시설,P03A16,게이트볼장
O,P,스포츠,P02,실내운동시설,P02A18,킥복싱
O,P,스포츠,P03,실외운동시설,P03A19,래프팅
O,P,스포츠,P03,실외운동시설,P03A20,패러글라이딩
O,P,스포츠,P03,실외운동시설,P03A21,행글라이더
O,P,스포츠,P03,실외운동시설,P03A22,번지점프
O,P,스포츠,P03,실외운동시설,P03A23,수상스키
O,P,스포츠,P03,실외운동시설,P03A24,경비행기
O,P,스포츠,P03,실외운동시설,P03A25,인공암벽
O,P,스포츠,P03,실외운동시설,P03A26,스킨스쿠버강습
O,P,스포츠,P01,운영관리시설,P01A99,기타운영설비
O,P,스포츠,P01,운영관리시설,P01A00,운동경기협회
O,P,스포츠,P01,운영관리시설,P01A03,프로스포츠경기운영
O,P,스포츠,P01,운영관리시설,P01A05,프로권투
O,P,스포츠,P01,운영관리시설,P01A06,프로레슬링
O,P,스포츠,P01,운영관리시설,P01A07,프로야구
O,P,스포츠,P01,운영관리시설,P01A08,프로씨름
O,P,스포츠,P01,운영관리시설,P01A09,프로축구
O,P,스포츠,P01,운영관리시설,P01A10,프로골프
O,P,스포츠,P01,운영관리시설,P01A11,기타경기후원업/경기단체
O,P,스포츠,P02,실내운동시설,P02A99,기타실내운동시설
O,P,스포츠,P02,실내운동시설,P02A01,체육관
O,P,스포츠,P02,실내운동시설,P02A02,실내테니스장
O,P,스포츠,P02,실내운동시설,P02A03,실내수영장
O,P,스포츠,P02,실내운동시설,P02A04,복싱도장
O,P,스포츠,P02,실내운동시설,P02A08,실내궁도장
O,P,스포츠,P02,실내운동시설,P02A10,실내골프연습장
O,P,스포츠,P02,실내운동시설,P02A13,헬스클럽
O,P,스포츠,P02,실내운동시설,P02A14,스포츠센터
O,P,스포츠,P03,실외운동시설,P03A01,야구장
O,P,스포츠,P03,실외운동시설,P03A03,축구장
O,P,스포츠,P03,실외운동시설,P03A04,스키장
O,P,스포츠,P03,실외운동시설,P03A09,골프장
O,P,스포츠,P02,실내운동시설,P02A25,스쿼시장
O,R,학문/교육,R03,학원-자격/국가고시,R03A14,학원-자동차정비
O,R,학문/교육,R08,유아교육,R08A07,유아교육기관기타
O,R,학문/교육,R08,유아교육,R08A01,놀이방
O,R,학문/교육,R08,유아교육,R08A02,어린이집
O,R,학문/교육,R08,유아교육,R08A03,유치원
O,R,학문/교육,R08,유아교육,R08A04,실내놀이터-유아
O,R,학문/교육,R08,유아교육,R08A05,블럭놀이방
O,R,학문/교육,R08,유아교육,R08A06,동화구연
O,R,학문/교육,R11,학교,R11B07,고등기술학교
O,R,학문/교육,R11,학교,R11B08,고등공민학교
O,R,학문/교육,R11,학교,R11B09,기타중등교육기관
O,R,학문/교육,R11,학교,R11B10,신학대학
O,R,학문/교육,R11,학교,R11B11,직업전문학교
O,R,학문/교육,R11,학교,R11B12,기타고등교육기관
O,R,학문/교육,R12,특수교육기관,R12B02,특수교육기관-종합
O,R,학문/교육,R12,특수교육기관,R12B01,특수학교
O,R,학문/교육,R20,기타교육기관,R20B08,적성검사
O,R,학문/교육,R11,학교,R11B01,초등학교
O,R,학문/교육,R11,학교,R11B02,중학교
O,R,학문/교육,R11,학교,R11B03,고등학교
O,R,학문/교육,R11,학교,R11B06,전문대학
O,R,학문/교육,R11,학교,R11B04,대학교
O,R,학문/교육,R11,학교,R11B05,대학원
O,R,학문/교육,R20,기타교육기관,R20B01,문화센터
O,R,학문/교육,R10,도서관/독서실,R10B05,도서관
O,R,학문/교육,R14,연구소,R14B01,자연과학연구개발-종합
O,R,학문/교육,R14,연구소,R14B02,공학연구소
O,R,학문/교육,R14,연구소,R14B03,물리연구소
O,R,학문/교육,R14,연구소,R14B04,화학연구소
O,R,학문/교육,R14,연구소,R14B05,생명과학연구소
O,R,학문/교육,R14,연구소,R14B06,농학연구소
O,R,학문/교육,R14,연구소,R14B07,의학연구소
O,R,학문/교육,R14,연구소,R14B08,양학연구소
O,R,학문/교육,R14,연구소,R14B09,수의학연구소
O,R,학문/교육,R14,연구소,R14B10,자연과학연구개발-기타
O,R,학문/교육,R14,연구소,R14B11,인문/사회과학연구개발-종합
O,R,학문/교육,R14,연구소,R14B12,사회과학연구소
O,R,학문/교육,R14,연구소,R14B13,경영연구소
O,R,학문/교육,R14,연구소,R14B14,경제연구소
O,R,학문/교육,R14,연구소,R14B15,인문/사회과학연구개발-기타
O,R,학문/교육,R10,도서관/독서실,R10B10,기록보존업
O,R,학문/교육,R20,기타교육기관,R20B06,야학
O,R,학문/교육,R20,기타교육기관,R20B02,학교-노인대학
O,R,학문/교육,R12,특수교육기관,R12B03,특수교육기관-기타
O,R,학문/교육,R20,기타교육기관,R20B07,외국인학교
O,R,학문/교육,R20,기타교육기관,R20B03,직업훈련소
O,R,학문/교육,R20,기타교육기관,R20B04,직장위탁교육
O,R,학문/교육,R20,기타교육기관,R20B05,상설직원훈련기관
O,R,학문/교육,R20,기타교육기관,R20B09,향교
O,R,학문/교육,R20,기타교육기관,R20B10,사회교육단체
O,R,학문/교육,R09,학원기타,R09A01,학원(종합)
O,R,학문/교육,R07,학원-예능취미체육,R07A01,학원-가요
O,R,학문/교육,R02,학원-창업취업취미,R02A01,학원-간판디자인
O,R,학문/교육,R03,학원-자격/국가고시,R03A01,학원-간호조무사
O,R,학문/교육,R03,학원-자격/국가고시,R03A02,학원-건축토목기술
O,R,학문/교육,R01,학원-보습교습입시,R01A03,학원-검정고시
O,R,학문/교육,R02,학원-창업취업취미,R02A02,학원-경리
O,R,학문/교육,R02,학원-창업취업취미,R02A03,학원-경영
O,R,학문/교육,R02,학원-창업취업취미,R02A04,학원-분장
O,R,학문/교육,R02,학원-창업취업취미,R02A05,학원-공예
O,R,학문/교육,R03,학원-자격/국가고시,R03A03,학원-공인중개사
O,R,학문/교육,R03,학원-자격/국가고시,R03A04,학원-관광통역
O,R,학문/교육,R02,학원-창업취업취미,R02A06,학원-속독
O,R,학문/교육,R02,학원-창업취업취미,R02A07,학원-광고디자인
O,R,학문/교육,R02,학원-창업취업취미,R02A08,학원-광섬유
O,R,학문/교육,R02,학원-창업취업취미,R02A09,학원-시계기술학원
O,R,학문/교육,R03,학원-자격/국가고시,R03A05,학원/국가고시
O,R,학문/교육,R05,학원-음악미술무용,R05A06,학원-국악
O,R,학문/교육,R03,학원-자격/국가고시,R03A06,학원-기계고시
O,R,학문/교육,R03,학원-자격/국가고시,R03A07,학원-기계/금형기술
O,R,학문/교육,R07,학원-예능취미체육,R07A02,학원-기억법
O,R,학문/교육,R07,학원-예능취미체육,R07A03,학원-꽃꽃이
O,R,학문/교육,R03,학원-자격/국가고시,R03A08,학원-냉동열관리
O,R,학문/교육,R03,학원-자격/국가고시,R03A09,학원-도배
O,R,학문/교육,R02,학원-창업취업취미,R02A10,학원-동물사육
O,R,학문/교육,R07,학원-예능취미체육,R07A04,학원-자수/동양자수
O,R,학문/교육,R02,학원-창업취업취미,R02A11,학원-디스플레이
O,R,학문/교육,R02,학원-창업취업취미,R02A12,학원-디자인
O,R,학문/교육,R02,학원-창업취업취미,R02A13,학원-만화영화
O,R,학문/교육,R02,학원-창업취업취미,R02A14,학원-목공예
O,R,학문/교육,R05,학원-음악미술무용,R05A05,학원-무용
O,R,학문/교육,R05,학원-음악미술무용,R05A01,서예/서화/미술
O,R,학문/교육,R07,학원-예능취미체육,R07A05,학원-레크리에이션
O,R,학문/교육,R02,학원-창업취업취미,R02A15,학원-미싱자수
O,R,학문/교육,R05,학원-음악미술무용,R05A02,피아노/바이올린/기타
O,R,학문/교육,R03,학원-자격/국가고시,R03A10,학원-배관용접
O,R,학문/교육,R07,학원-예능취미체육,R07A06,학원-배우/탤런트
O,R,학문/교육,R02,학원-창업취업취미,R02A16,학원-병아리감별
O,R,학문/교육,R03,학원-자격/국가고시,R03A11,학원-보석감정
O,R,학문/교육,R02,학원-창업취업취미,R02A17,학원-복장
O,R,학문/교육,R02,학원-창업취업취미,R02A18,학원-비디오
O,R,학문/교육,R07,학원-예능취미체육,R07A07,학원-사교춤
O,R,학문/교육,R07,학원-예능취미체육,R07A08,학원-사진
O,R,학문/교육,R02,학원-창업취업취미,R02A19,학원-섬유기술
O,R,학문/교육,R09,학원기타,R09A07,학원-심리변론
O,R,학문/교육,R07,학원-예능취미체육,R07A09,학원-아트플라워
O,R,학문/교육,R02,학원-창업취업취미,R02A20,학원-안경기술
O,R,학문/교육,R09,학원기타,R09A05,학원-역학
O,R,학문/교육,R04,학원-어학,R04A01,학원-외국어/어학
O,R,학문/교육,R07,학원-예능취미체육,R07A10,학원-요리
O,R,학문/교육,R02,학원-창업취업취미,R02A21,학원-용접기술
O,R,학문/교육,R03,학원-자격/국가고시,R03A12,학원-미용
O,R,학문/교육,R01,학원-보습교습입시,R01A01,학원-입시
O,R,학문/교육,R03,학원-자격/국가고시,R03A13,학원-자동차운전
O,R,학문/교육,R14,연구소,R14B16,국립국어연구원
O,R,학문/교육,R07,학원-예능취미체육,R07A23,유도장
O,R,학문/교육,R07,학원-예능취미체육,R07A24,레크레이션지도/상담
O,R,학문/교육,R10,도서관/독서실,R10B07,국회도서관
O,R,학문/교육,R10,도서관/독서실,R10B06,국립중앙도서관
O,R,학문/교육,R13,학문교육기타,R13A03,운동/코치학교
O,R,학문/교육,R07,학원-예능취미체육,R07A20,태권도장
O,R,학문/교육,R07,학원-예능취미체육,R07A21,합기도장
O,R,학문/교육,R07,학원-예능취미체육,R07A22,검도도장
O,R,학문/교육,R03,학원-자격/국가고시,R03A15,학원-전기기술
O,R,학문/교육,R03,학원-자격/국가고시,R03A16,학원-전자통신
O,R,학문/교육,R03,학원-자격/국가고시,R03A17,학원-제과기술
O,R,학문/교육,R07,학원-예능취미체육,R07A11,학원-주산암산부기속셈
O,R,학문/교육,R03,학원-자격/국가고시,R03A18,학원-중장비
O,R,학문/교육,R07,학원-예능취미체육,R07A12,학원-지점토
O,R,학문/교육,R02,학원-창업취업취미,R02A22,학원-차트
O,R,학문/교육,R02,학원-창업취업취미,R02A23,학원-텔렉스/통신
O,R,학문/교육,R02,학원-창업취업취미,R02A24,학원-TV기술
O,R,학문/교육,R07,학원-예능취미체육,R07A13,학원-펜글씨/한문
O,R,학문/교육,R02,학원-창업취업취미,R02A25,학원-편물기술
O,R,학문/교육,R02,학원-창업취업취미,R02A26,학원-표구기술
O,R,학문/교육,R03,학원-자격/국가고시,R03A19,학원-품질관리
O,R,학문/교육,R02,학원-창업취업취미,R02A27,학원-피부미용
O,R,학문/교육,R02,학원-창업취업취미,R02A28,학원-한복기술
O,R,학문/교육,R03,학원-자격/국가고시,R03A20,학원-항공기술
O,R,학문/교육,R03,학원-자격/국가고시,R03A21,학원-환경기사
O,R,학문/교육,R03,학원-자격/국가고시,R03A22,학원-국가고시
O,R,학문/교육,R03,학원-자격/국가고시,R03A23,학원-전자기술
O,R,학문/교육,R09,학원기타,R09A06,학원-침술
O,R,학문/교육,R02,학원-창업취업취미,R02A29,학원-세탁기술
O,R,학문/교육,R02,학원-창업취업취미,R02A30,학원-양재
O,R,학문/교육,R07,학원-예능취미체육,R07A14,학원-에어로빅
O,R,학문/교육,R03,학원-자격/국가고시,R03A24,학원-속기
O,R,학문/교육,R02,학원-창업취업취미,R02A31,학원-칵테일
O,R,학문/교육,R07,학원-예능취미체육,R07A15,학원-웅변
O,R,학문/교육,R09,학원기타,R09A02,학원-모델
O,R,학문/교육,R06,학원-컴퓨터,R06A01,컴퓨터학원
O,R,학문/교육,R03,학원-자격/국가고시,R03A25,학원-이용
O,R,학문/교육,R09,학원기타,R09A10,비행훈련원
O,R,학문/교육,R07,학원-예능취미체육,R07A16,학원-바둑
O,R,학문/교육,R07,학원-예능취미체육,R07A17,학원-스포츠/재즈댄스
O,R,학문/교육,R09,학원기타,R09A11,학원-기타
O,R,학문/교육,R09,학원기타,R09A03,운전연수전문
O,R,학문/교육,R03,학원-자격/국가고시,R03A26,학원-비파괴
O,R,학문/교육,R02,학원-창업취업취미,R02A32,학원-스튜디어스
O,R,학문/교육,R02,학원-창업취업취미,R02A33,학원-애견미용
O,R,학문/교육,R02,학원-창업취업취미,R02A34,학원-캐디
O,R,학문/교육,R01,학원-보습교습입시,R01A02,학원-편입
O,R,학문/교육,R09,학원기타,R09A04,학원-실내운전
O,R,학문/교육,R02,학원-창업취업취미,R02A35,학원-목욕관리사
O,R,학문/교육,R07,학원-예능취미체육,R07A18,학원-마술
O,R,학문/교육,R02,학원-창업취업취미,R02A36,학원-네일아트
O,R,학문/교육,R02,학원-창업취업취미,R02A37,학원-캐드
O,R,학문/교육,R03,학원-자격/국가고시,R03A27,학원-경찰
O,R,학문/교육,R04,학원-어학,R04A02,학원-어린이영어
O,R,학문/교육,R09,학원기타,R09A09,학원-말더듬
O,R,학문/교육,R10,도서관/독서실,R10A03,이동도서관운영
O,R,학문/교육,R09,학원기타,R09A08,예절지도
O,R,학문/교육,R07,학원-예능취미체육,R07A19,학원-서당
O,R,학문/교육,R13,학문교육기타,R13A01,학습지보급
O,R,학문/교육,R13,학문교육기타,R13A02,시험정보안내
O,R,학문/교육,R10,도서관/독서실,R10B04,도서관/독서실/기록보존
O,R,학문/교육,R10,도서관/독서실,R10A01,독서실
O,R,학문/교육,R10,도서관/독서실,R10A02,고시원
O,O,숙박,O02,모텔/여관/여인숙,O02A01,모텔/여관/여인숙
O,O,숙박,O03,캠프/별장/펜션,O03A01,캠프/별장/펜션
O,O,숙박,O04,유스호스텔,O04A01,유스호스텔
O,O,숙박,O01,호텔/콘도,O01A01,호텔/콘도
O,O,숙박,O05,민박/하숙,O05A01,민박/하숙
O,L,부동산,L02,부동산임대,L02A01,임대-사무실/오피스텔/공장
O,L,부동산,L02,부동산임대,L02A02,임대-주택/아파트/연립
O,L,부동산,L02,부동산임대,L02A04,임대-토지/묘지
O,L,부동산,L03,분양,L03A04,건물분양-종합
O,L,부동산,L03,분양,L03A01,주택공급
O,L,부동산,L03,분양,L03A02,상가분양
O,L,부동산,L03,분양,L03A03,사무실분양
O,L,부동산,L01,부동산중개,L01A01,부동산중개
O,L,부동산,L04,평가/개발/관리,L04A04,부동산감정평가
O,L,부동산,L05,부동산관련서비스,L05A02,부동산신탁
O,L,부동산,L04,평가/개발/관리,L04A05,부동산소유권조사
O,L,부동산,L04,평가/개발/관리,L04A06,부동산자문
O,L,부동산,L05,부동산관련서비스,L05A01,아파트관리
O,L,부동산,L04,평가/개발/관리,L04A07,주택전시장
O,L,부동산,L04,평가/개발/관리,L04A02,건축물시설관리
O,L,부동산,L04,평가/개발/관리,L04A03,재건축조합
O,L,부동산,L04,평가/개발/관리,L04A01,오피스텔관리
O,L,부동산,L02,부동산임대,L02A03,임대-쇼핑센타/상점
